request_id,amount_safe_to_pay,affordability_status,recommended_payment_method,payment_plan,earliest_date_for_full_payment,spending_changes_needed,decision_explanation
request_26,15656000,affordable_now,full_payment,2025-08-03:15656000,2025-08-03,none,"Requested 15656000 IDR on 2025-08-03: 15656000 IDR safe to pay today while keeping the minimum balance across the 90-day forecast (status affordable_now, method full_payment). Full payment earliest safe: 2025-08-03. Plan: 2025-08-03:15656000."
request_27,6670,affordable_now,full_payment,2026-07-05:6670,2026-07-05,none,"Requested 6670 ZAR on 2026-07-05: 6670 ZAR safe to pay today while keeping the minimum balance across the 90-day forecast (status affordable_now, method full_payment). Full payment earliest safe: 2026-07-05. Plan: 2026-07-05:6670."
request_28,0,not_affordable,not_recommended,none,,none,"Requested 1302.40 EUR on 2024-06-07: 0 EUR safe to pay today while keeping the minimum balance across the 90-day forecast (status not_affordable, method not_recommended). Full payment earliest safe: not in forecast. Plan: none."
request_29,51524,affordable_now,full_payment,2025-11-04:51524,2025-11-04,none,"Requested 51524 ZAR on 2025-11-04: 51524 ZAR safe to pay today while keeping the minimum balance across the 90-day forecast (status affordable_now, method full_payment). Full payment earliest safe: 2025-11-04. Plan: 2025-11-04:51524."
request_30,738.16,affordable_with_plan,installments,2026-04-06:268.74|2026-05-06:268.74|2026-06-05:268.74,,stop:event_2694,"Requested 775.20 USD on 2026-04-06: 738.16 USD safe to pay today while keeping the minimum balance across the 90-day forecast (status affordable_with_plan, method installments). Full payment earliest safe: not in forecast. Plan: 2026-04-06:268.74|2026-05-06:268.74|2026-06-05:268.74. Requires spending changes: stop:event_2694."
request_31,0,not_affordable,not_recommended,none,,none,"Requested 18164000 IDR on 2024-09-03: 0 IDR safe to pay today while keeping the minimum balance across the 90-day forecast (status not_affordable, method not_recommended). Full payment earliest safe: not in forecast. Plan: none."
request_32,0,not_affordable,not_recommended,none,,none,"Requested 40018 ZAR on 2025-02-05: 0 ZAR safe to pay today while keeping the minimum balance across the 90-day forecast (status not_affordable, method not_recommended). Full payment earliest safe: not in forecast. Plan: none."
request_33,0,not_affordable,not_recommended,none,,none,"Requested 118000 INR on 2026-01-07: 0 INR safe to pay today while keeping the minimum balance across the 90-day forecast (status not_affordable, method not_recommended). Full payment earliest safe: not in forecast. Plan: none."
request_34,129400,affordable_now,full_payment,2024-12-04:129400,2024-12-04,none,"Requested 129400 INR on 2024-12-04: 129400 INR safe to pay today while keeping the minimum balance across the 90-day forecast (status affordable_now, method full_payment). Full payment earliest safe: 2024-12-04. Plan: 2024-12-04:129400."
request_35,0,not_affordable,not_recommended,none,,none,"Requested 212000 INR on 2025-10-30: 0 INR safe to pay today while keeping the minimum balance across the 90-day forecast (status not_affordable, method not_recommended). Full payment earliest safe: not in forecast. Plan: none."
request_36,789.44,affordable_later,wait,2026-08-15:3954,2026-08-15,none,"Requested 3954 USD on 2026-07-03: 789.44 USD safe to pay today while keeping the minimum balance across the 90-day forecast (status affordable_later, method wait). Full payment earliest safe: 2026-08-15. Plan: 2026-08-15:3954."
request_37,0,not_affordable,not_recommended,none,,none,"Requested 14649000 IDR on 2024-03-05: 0 IDR safe to pay today while keeping the minimum balance across the 90-day forecast (status not_affordable, method not_recommended). Full payment earliest safe: not in forecast. Plan: none."
request_38,0,not_affordable,not_recommended,none,,none,"Requested 971.30 EUR on 2025-08-07: 0 EUR safe to pay today while keeping the minimum balance across the 90-day forecast (status not_affordable, method not_recommended). Full payment earliest safe: not in forecast. Plan: none."
request_39,0,not_affordable,not_recommended,none,,none,"Requested 208600 INR on 2026-04-04: 0 INR safe to pay today while keeping the minimum balance across the 90-day forecast (status not_affordable, method not_recommended). Full payment earliest safe: not in forecast. Plan: none."
request_40,0,not_affordable,not_recommended,none,,none,"Requested 1290.30 EUR on 2024-06-06: 0 EUR safe to pay today while keeping the minimum balance across the 90-day forecast (status not_affordable, method not_recommended). Full payment earliest safe: not in forecast. Plan: none."
request_41,0,not_affordable,not_recommended,none,,none,"Requested 38760000 IDR on 2025-11-03: 0 IDR safe to pay today while keeping the minimum balance across the 90-day forecast (status not_affordable, method not_recommended). Full payment earliest safe: not in forecast. Plan: none."
request_42,52100,affordable_now,full_payment,2026-01-05:52100,2026-01-05,none,"Requested 52100 INR on 2026-01-05: 52100 INR safe to pay today while keeping the minimum balance across the 90-day forecast (status affordable_now, method full_payment). Full payment earliest safe: 2026-01-05. Plan: 2026-01-05:52100."
request_43,8752205.76,not_affordable,not_recommended,none,,none,"Requested 43339000 IDR on 2024-09-07: 8752205.76 IDR safe to pay today while keeping the minimum balance across the 90-day forecast (status not_affordable, method not_recommended). Full payment earliest safe: not in forecast. Plan: none."
request_44,0,not_affordable,not_recommended,none,,none,"Requested 95800 INR on 2025-02-04: 0 INR safe to pay today while keeping the minimum balance across the 90-day forecast (status not_affordable, method not_recommended). Full payment earliest safe: not in forecast. Plan: none."
request_45,4441622.01,affordable_later,wait,2026-09-15:21983000,2026-09-15,none,"Requested 21983000 IDR on 2026-07-06: 4441622.01 IDR safe to pay today while keeping the minimum balance across the 90-day forecast (status affordable_later, method wait). Full payment earliest safe: 2026-09-15. Plan: 2026-09-15:21983000."
request_46,0,not_affordable,not_recommended,none,,none,"Requested 49450 INR on 2024-12-03: 0 INR safe to pay today while keeping the minimum balance across the 90-day forecast (status not_affordable, method not_recommended). Full payment earliest safe: not in forecast. Plan: none."
request_47,0,not_affordable,not_recommended,none,,none,"Requested 38114000 IDR on 2025-05-05: 0 IDR safe to pay today while keeping the minimum balance across the 90-day forecast (status not_affordable, method not_recommended). Full payment earliest safe: not in forecast. Plan: none."
request_48,0,not_affordable,not_recommended,none,,none,"Requested 45700 INR on 2026-07-25: 0 INR safe to pay today while keeping the minimum balance across the 90-day forecast (status not_affordable, method not_recommended). Full payment earliest safe: not in forecast. Plan: none."
request_49,0,not_affordable,not_recommended,none,,none,"Requested 34333000 IDR on 2024-03-04: 0 IDR safe to pay today while keeping the minimum balance across the 90-day forecast (status not_affordable, method not_recommended). Full payment earliest safe: not in forecast. Plan: none."
request_50,43900,affordable_now,full_payment,2025-08-06:43900,2025-08-06,none,"Requested 43900 INR on 2025-08-06: 43900 INR safe to pay today while keeping the minimum balance across the 90-day forecast (status affordable_now, method full_payment). Full payment earliest safe: 2025-08-06. Plan: 2025-08-06:43900."
request_51,2191000,affordable_now,full_payment,2026-01-03:2191000,2026-01-03,none,"Requested 2191000 IDR on 2026-01-03: 2191000 IDR safe to pay today while keeping the minimum balance across the 90-day forecast (status affordable_now, method full_payment). Full payment earliest safe: 2026-01-03. Plan: 2026-01-03:2191000."
request_52,14235.26,not_affordable,not_recommended,none,,none,"Requested 28870 INR on 2024-06-05: 14235.26 INR safe to pay today while keeping the minimum balance across the 90-day forecast (status not_affordable, method not_recommended). Full payment earliest safe: not in forecast. Plan: none."
request_53,0,not_affordable,not_recommended,none,,none,"Requested 1699.20 USD on 2025-11-07: 0 USD safe to pay today while keeping the minimum balance across the 90-day forecast (status not_affordable, method not_recommended). Full payment earliest safe: not in forecast. Plan: none."
request_54,6382.81,not_affordable,not_recommended,none,,none,"Requested 121528 ZAR on 2026-07-04: 6382.81 ZAR safe to pay today while keeping the minimum balance across the 90-day forecast (status not_affordable, method not_recommended). Full payment earliest safe: not in forecast. Plan: none."
request_55,0,not_affordable,not_recommended,none,,none,"Requested 218600 INR on 2026-06-08: 0 INR safe to pay today while keeping the minimum balance across the 90-day forecast (status not_affordable, method not_recommended). Full payment earliest safe: not in forecast. Plan: none."
request_56,721.39,affordable_with_plan,installments,2025-02-03:458.42|2025-03-03:458.42,,reduce_to:event_5245:53.50,"Requested 881.56 USD on 2025-02-03: 721.39 USD safe to pay today while keeping the minimum balance across the 90-day forecast (status affordable_with_plan, method installments). Full payment earliest safe: not in forecast. Plan: 2025-02-03:458.42|2025-03-03:458.42. Requires spending changes: reduce_to:event_5245:53.50."
request_57,0,not_affordable,not_recommended,none,,none,"Requested 61446 ZAR on 2026-04-05: 0 ZAR safe to pay today while keeping the minimum balance across the 90-day forecast (status not_affordable, method not_recommended). Full payment earliest safe: not in forecast. Plan: none."
request_58,16226000,affordable_now,full_payment,2024-12-07:16226000,2024-12-07,none,"Requested 16226000 IDR on 2024-12-07: 16226000 IDR safe to pay today while keeping the minimum balance across the 90-day forecast (status affordable_now, method full_payment). Full payment earliest safe: 2024-12-07. Plan: 2024-12-07:16226000."
request_59,140600,affordable_with_plan,installments,2025-05-07:48741.33|2025-06-04:48741.33|2025-07-02:48741.33,2025-05-04,none,"Requested 140600 INR on 2025-05-04: 140600 INR safe to pay today while keeping the minimum balance across the 90-day forecast (status affordable_with_plan, method installments). Full payment earliest safe: 2025-05-04. Plan: 2025-05-07:48741.33|2025-06-04:48741.33|2025-07-02:48741.33."
request_60,0,not_affordable,not_recommended,none,,none,"Requested 199.89 USD on 2026-01-06: 0 USD safe to pay today while keeping the minimum balance across the 90-day forecast (status not_affordable, method not_recommended). Full payment earliest safe: not in forecast. Plan: none."
request_61,29062,affordable_with_plan,installments,2024-03-17:10074.83|2024-04-17:10074.83|2024-05-18:10074.83,2024-03-03,none,"Requested 29062 ZAR on 2024-03-03: 29062 ZAR safe to pay today while keeping the minimum balance across the 90-day forecast (status affordable_with_plan, method installments). Full payment earliest safe: 2024-03-03. Plan: 2024-03-17:10074.83|2024-04-17:10074.83|2024-05-18:10074.83."
request_62,404.23,affordable_now,full_payment,2025-08-05:404.23,2025-08-05,none,"Requested 404.23 USD on 2025-08-05: 404.23 USD safe to pay today while keeping the minimum balance across the 90-day forecast (status affordable_now, method full_payment). Full payment earliest safe: 2025-08-05. Plan: 2025-08-05:404.23."
request_63,0,not_affordable,not_recommended,none,,none,"Requested 343900 INR on 2026-07-07: 0 INR safe to pay today while keeping the minimum balance across the 90-day forecast (status not_affordable, method not_recommended). Full payment earliest safe: not in forecast. Plan: none."
request_64,0,not_affordable,not_recommended,none,,none,"Requested 63700 INR on 2024-06-04: 0 INR safe to pay today while keeping the minimum balance across the 90-day forecast (status not_affordable, method not_recommended). Full payment earliest safe: not in forecast. Plan: none."
request_65,0,not_affordable,not_recommended,none,,none,"Requested 54340 ZAR on 2025-11-06: 0 ZAR safe to pay today while keeping the minimum balance across the 90-day forecast (status not_affordable, method not_recommended). Full payment earliest safe: not in forecast. Plan: none."
request_66,22200,affordable_now,full_payment,2026-04-03:22200,2026-04-03,none,"Requested 22200 INR on 2026-04-03: 22200 INR safe to pay today while keeping the minimum balance across the 90-day forecast (status affordable_now, method full_payment). Full payment earliest safe: 2026-04-03. Plan: 2026-04-03:22200."
request_67,0,not_affordable,not_recommended,none,,none,"Requested 2094 USD on 2024-09-05: 0 USD safe to pay today while keeping the minimum balance across the 90-day forecast (status not_affordable, method not_recommended). Full payment earliest safe: not in forecast. Plan: none."
request_68,0,not_affordable,not_recommended,none,,none,"Requested 2091.60 USD on 2025-02-07: 0 USD safe to pay today while keeping the minimum balance across the 90-day forecast (status not_affordable, method not_recommended). Full payment earliest safe: not in forecast. Plan: none."
request_69,0,not_affordable,not_recommended,none,,none,"Requested 529.10 EUR on 2026-01-04: 0 EUR safe to pay today while keeping the minimum balance across the 90-day forecast (status not_affordable, method not_recommended). Full payment earliest safe: not in forecast. Plan: none."
request_70,0,not_affordable,not_recommended,none,,none,"Requested 243900 INR on 2024-12-06: 0 INR safe to pay today while keeping the minimum balance across the 90-day forecast (status not_affordable, method not_recommended). Full payment earliest safe: not in forecast. Plan: none."
request_71,0,not_affordable,not_recommended,none,,none,"Requested 21451000 IDR on 2025-05-03: 0 IDR safe to pay today while keeping the minimum balance across the 90-day forecast (status not_affordable, method not_recommended). Full payment earliest safe: not in forecast. Plan: none."
request_72,0,not_affordable,not_recommended,none,,none,"Requested 11330 ZAR on 2026-07-05: 0 ZAR safe to pay today while keeping the minimum balance across the 90-day forecast (status not_affordable, method not_recommended). Full payment earliest safe: not in forecast. Plan: none."
request_73,0,not_affordable,not_recommended,none,,none,"Requested 71400 INR on 2023-01-20: 0 INR safe to pay today while keeping the minimum balance across the 90-day forecast (status not_affordable, method not_recommended). Full payment earliest safe: not in forecast. Plan: none."
request_74,5010,affordable_now,full_payment,2025-08-04:5010,2025-08-04,none,"Requested 5010 ZAR on 2025-08-04: 5010 ZAR safe to pay today while keeping the minimum balance across the 90-day forecast (status affordable_now, method full_payment). Full payment earliest safe: 2025-08-04. Plan: 2025-08-04:5010."
request_75,28270,affordable_with_plan,installments,2026-04-09:9800.27|2026-05-09:9800.27|2026-06-08:9800.27,2026-04-06,none,"Requested 28270 ZAR on 2026-04-06: 28270 ZAR safe to pay today while keeping the minimum balance across the 90-day forecast (status affordable_with_plan, method installments). Full payment earliest safe: 2026-04-06. Plan: 2026-04-09:9800.27|2026-05-09:9800.27|2026-06-08:9800.27."
request_76,0,not_affordable,not_recommended,none,,none,"Requested 4455.60 USD on 2024-06-03: 0 USD safe to pay today while keeping the minimum balance across the 90-day forecast (status not_affordable, method not_recommended). Full payment earliest safe: not in forecast. Plan: none."
request_77,0,not_affordable,not_recommended,none,,none,"Requested 60700 INR on 2025-11-05: 0 INR safe to pay today while keeping the minimum balance across the 90-day forecast (status not_affordable, method not_recommended). Full payment earliest safe: not in forecast. Plan: none."
request_78,0,not_affordable,not_recommended,none,,none,"Requested 50200 INR on 2025-10-02: 0 INR safe to pay today while keeping the minimum balance across the 90-day forecast (status not_affordable, method not_recommended). Full payment earliest safe: not in forecast. Plan: none."
request_79,0,not_affordable,not_recommended,none,,none,"Requested 2151.60 EUR on 2024-09-04: 0 EUR safe to pay today while keeping the minimum balance across the 90-day forecast (status not_affordable, method not_recommended). Full payment earliest safe: not in forecast. Plan: none."
request_80,0,not_affordable,not_recommended,none,,none,"Requested 217500 INR on 2025-02-06: 0 INR safe to pay today while keeping the minimum balance across the 90-day forecast (status not_affordable, method not_recommended). Full payment earliest safe: not in forecast. Plan: none."
request_81,0,not_affordable,not_recommended,none,,none,"Requested 2076 USD on 2026-07-03: 0 USD safe to pay today while keeping the minimum balance across the 90-day forecast (status not_affordable, method not_recommended). Full payment earliest safe: not in forecast. Plan: none."
request_82,0,not_affordable,not_recommended,none,,none,"Requested 1405.20 USD on 2024-12-05: 0 USD safe to pay today while keeping the minimum balance across the 90-day forecast (status not_affordable, method not_recommended). Full payment earliest safe: not in forecast. Plan: none."
request_83,9740.32,not_affordable,not_recommended,none,,none,"Requested 156200 INR on 2025-05-07: 9740.32 INR safe to pay today while keeping the minimum balance across the 90-day forecast (status not_affordable, method not_recommended). Full payment earliest safe: not in forecast. Plan: none."
request_84,0,not_affordable,not_recommended,none,,none,"Requested 95400 INR on 2026-04-04: 0 INR safe to pay today while keeping the minimum balance across the 90-day forecast (status not_affordable, method not_recommended). Full payment earliest safe: not in forecast. Plan: none."
request_85,0,not_affordable,not_recommended,none,,none,"Requested 19304000 IDR on 2024-03-06: 0 IDR safe to pay today while keeping the minimum balance across the 90-day forecast (status not_affordable, method not_recommended). Full payment earliest safe: not in forecast. Plan: none."
request_86,0,not_affordable,not_recommended,none,,none,"Requested 46300 INR on 2025-08-03: 0 INR safe to pay today while keeping the minimum balance across the 90-day forecast (status not_affordable, method not_recommended). Full payment earliest safe: not in forecast. Plan: none."
request_87,29115.63,not_affordable,not_recommended,none,,none,"Requested 487900 INR on 2026-01-05: 29115.63 INR safe to pay today while keeping the minimum balance across the 90-day forecast (status not_affordable, method not_recommended). Full payment earliest safe: not in forecast. Plan: none."
request_88,0,not_affordable,not_recommended,none,,none,"Requested 26092 ZAR on 2024-06-07: 0 ZAR safe to pay today while keeping the minimum balance across the 90-day forecast (status not_affordable, method not_recommended). Full payment earliest safe: not in forecast. Plan: none."
request_89,0,not_affordable,not_recommended,none,,none,"Requested 13756000 IDR on 2025-11-04: 0 IDR safe to pay today while keeping the minimum balance across the 90-day forecast (status not_affordable, method not_recommended). Full payment earliest safe: not in forecast. Plan: none."
request_90,2560,affordable_now,full_payment,2026-07-06:2560,2026-07-06,none,"Requested 2560 ZAR on 2026-07-06: 2560 ZAR safe to pay today while keeping the minimum balance across the 90-day forecast (status affordable_now, method full_payment). Full payment earliest safe: 2026-07-06. Plan: 2026-07-06:2560."
request_91,0,not_affordable,not_recommended,none,,none,"Requested 1927.20 EUR on 2024-09-03: 0 EUR safe to pay today while keeping the minimum balance across the 90-day forecast (status not_affordable, method not_recommended). Full payment earliest safe: not in forecast. Plan: none."
request_92,34034,affordable_now,full_payment,2025-02-05:34034,2025-02-05,none,"Requested 34034 ZAR on 2025-02-05: 34034 ZAR safe to pay today while keeping the minimum balance across the 90-day forecast (status affordable_now, method full_payment). Full payment earliest safe: 2025-02-05. Plan: 2025-02-05:34034."
request_93,0,not_affordable,not_recommended,none,,none,"Requested 1729.20 USD on 2026-04-07: 0 USD safe to pay today while keeping the minimum balance across the 90-day forecast (status not_affordable, method not_recommended). Full payment earliest safe: not in forecast. Plan: none."
request_94,369.49,affordable_with_plan,full_payment,2024-12-04:572,,stop:event_8765|reduce_to:event_8800:20,"Requested 572 EUR on 2024-12-04: 369.49 EUR safe to pay today while keeping the minimum balance across the 90-day forecast (status affordable_with_plan, method full_payment). Full payment earliest safe: not in forecast. Plan: 2024-12-04:572. Requires spending changes: stop:event_8765|reduce_to:event_8800:20."
request_95,0,not_affordable,not_recommended,none,,none,"Requested 553000 INR on 2025-05-06: 0 INR safe to pay today while keeping the minimum balance across the 90-day forecast (status not_affordable, method not_recommended). Full payment earliest safe: not in forecast. Plan: none."
request_96,4133.50,not_affordable,not_recommended,none,,none,"Requested 90200 INR on 2026-01-03: 4133.50 INR safe to pay today while keeping the minimum balance across the 90-day forecast (status not_affordable, method not_recommended). Full payment earliest safe: not in forecast. Plan: none."
request_97,0,not_affordable,not_recommended,none,,none,"Requested 23496 ZAR on 2024-03-05: 0 ZAR safe to pay today while keeping the minimum balance across the 90-day forecast (status not_affordable, method not_recommended). Full payment earliest safe: not in forecast. Plan: none."
request_98,0,not_affordable,not_recommended,none,,none,"Requested 27148 ZAR on 2025-08-07: 0 ZAR safe to pay today while keeping the minimum balance across the 90-day forecast (status not_affordable, method not_recommended). Full payment earliest safe: not in forecast. Plan: none."
request_99,18062,affordable_now,full_payment,2026-07-04:18062,2026-07-04,none,"Requested 18062 ZAR on 2026-07-04: 18062 ZAR safe to pay today while keeping the minimum balance across the 90-day forecast (status affordable_now, method full_payment). Full payment earliest safe: 2026-07-04. Plan: 2026-07-04:18062."
request_100,0,not_affordable,not_recommended,none,,none,"Requested 37114 ZAR on 2024-06-06: 0 ZAR safe to pay today while keeping the minimum balance across the 90-day forecast (status not_affordable, method not_recommended). Full payment earliest safe: not in forecast. Plan: none."
request_101,0,not_affordable,not_recommended,none,,none,"Requested 143500 INR on 2025-11-03: 0 INR safe to pay today while keeping the minimum balance across the 90-day forecast (status not_affordable, method not_recommended). Full payment earliest safe: not in forecast. Plan: none."
request_102,1716,affordable_with_plan,installments,2026-04-05:594.88|2026-05-05:594.88|2026-06-04:594.88,2026-04-05,none,"Requested 1716 EUR on 2026-04-05: 1716 EUR safe to pay today while keeping the minimum balance across the 90-day forecast (status affordable_with_plan, method installments). Full payment earliest safe: 2026-04-05. Plan: 2026-04-05:594.88|2026-05-05:594.88|2026-06-04:594.88."
request_103,0,not_affordable,not_recommended,none,,none,"Requested 368300 INR on 2024-09-07: 0 INR safe to pay today while keeping the minimum balance across the 90-day forecast (status not_affordable, method not_recommended). Full payment earliest safe: not in forecast. Plan: none."
request_104,10028.88,not_affordable,not_recommended,none,,none,"Requested 17204 ZAR on 2025-02-04: 10028.88 ZAR safe to pay today while keeping the minimum balance across the 90-day forecast (status not_affordable, method not_recommended). Full payment earliest safe: not in forecast. Plan: none."
request_105,0,not_affordable,not_recommended,none,,none,"Requested 53500 INR on 2026-06-08: 0 INR safe to pay today while keeping the minimum balance across the 90-day forecast (status not_affordable, method not_recommended). Full payment earliest safe: not in forecast. Plan: none."
request_106,754.84,not_affordable,not_recommended,none,,none,"Requested 2207.70 EUR on 2024-12-03: 754.84 EUR safe to pay today while keeping the minimum balance across the 90-day forecast (status not_affordable, method not_recommended). Full payment earliest safe: not in forecast. Plan: none."
request_107,493.81,not_affordable,not_recommended,none,,none,"Requested 2534.40 EUR on 2025-05-05: 493.81 EUR safe to pay today while keeping the minimum balance across the 90-day forecast (status not_affordable, method not_recommended). Full payment earliest safe: not in forecast. Plan: none."
request_108,4835.23,not_affordable,not_recommended,none,,none,"Requested 55308 ZAR on 2026-07-07: 4835.23 ZAR safe to pay today while keeping the minimum balance across the 90-day forecast (status not_affordable, method not_recommended). Full payment earliest safe: not in forecast. Plan: none."
request_109,0,not_affordable,not_recommended,none,,none,"Requested 1863.40 EUR on 2024-03-04: 0 EUR safe to pay today while keeping the minimum balance across the 90-day forecast (status not_affordable, method not_recommended). Full payment earliest safe: not in forecast. Plan: none."
request_110,22352,affordable_with_plan,installments,2025-08-06:7748.69|2025-09-03:7748.69|2025-10-01:7748.69,2025-08-06,none,"Requested 22352 ZAR on 2025-08-06: 22352 ZAR safe to pay today while keeping the minimum balance across the 90-day forecast (status affordable_with_plan, method installments). Full payment earliest safe: 2025-08-06. Plan: 2025-08-06:7748.69|2025-09-03:7748.69|2025-10-01:7748.69."
request_111,16625000,affordable_now,full_payment,2026-04-03:16625000,2026-04-03,none,"Requested 16625000 IDR on 2026-04-03: 16625000 IDR safe to pay today while keeping the minimum balance across the 90-day forecast (status affordable_now, method full_payment). Full payment earliest safe: 2026-04-03. Plan: 2026-04-03:16625000."
request_112,0,not_affordable,not_recommended,none,,none,"Requested 271.70 EUR on 2024-06-05: 0 EUR safe to pay today while keeping the minimum balance across the 90-day forecast (status not_affordable, method not_recommended). Full payment earliest safe: not in forecast. Plan: none."
request_113,0,not_affordable,not_recommended,none,,none,"Requested 36500 INR on 2026-09-04: 0 INR safe to pay today while keeping the minimum balance across the 90-day forecast (status not_affordable, method not_recommended). Full payment earliest safe: not in forecast. Plan: none."
request_114,0,not_affordable,not_recommended,none,,none,"Requested 65300 INR on 2026-01-04: 0 INR safe to pay today while keeping the minimum balance across the 90-day forecast (status not_affordable, method not_recommended). Full payment earliest safe: not in forecast. Plan: none."
request_115,0,not_affordable,not_recommended,none,,none,"Requested 80500 INR on 2024-09-06: 0 INR safe to pay today while keeping the minimum balance across the 90-day forecast (status not_affordable, method not_recommended). Full payment earliest safe: not in forecast. Plan: none."
request_116,0,not_affordable,not_recommended,none,,none,"Requested 241200 INR on 2025-02-03: 0 INR safe to pay today while keeping the minimum balance across the 90-day forecast (status not_affordable, method not_recommended). Full payment earliest safe: not in forecast. Plan: none."
request_117,849.09,affordable_with_plan,full_payment,2026-07-05:880,2026-07-15,stop:event_10833|reduce_to:event_10869:20.50,"Requested 880 EUR on 2026-07-05: 849.09 EUR safe to pay today while keeping the minimum balance across the 90-day forecast (status affordable_with_plan, method full_payment). Full payment earliest safe: 2026-07-15. Plan: 2026-07-05:880. Requires spending changes: stop:event_10833|reduce_to:event_10869:20.50."
request_118,0,not_affordable,not_recommended,none,,none,"Requested 738.10 EUR on 2024-12-07: 0 EUR safe to pay today while keeping the minimum balance across the 90-day forecast (status not_affordable, method not_recommended). Full payment earliest safe: not in forecast. Plan: none."
request_119,70046.23,affordable_with_plan,installments,2025-05-18:70546.67|2025-06-15:70546.67|2025-07-13:70546.67,2025-06-15,none,"Requested 203500 INR on 2025-05-04: 70046.23 INR safe to pay today while keeping the minimum balance across the 90-day forecast (status affordable_with_plan, method installments). Full payment earliest safe: 2025-06-15. Plan: 2025-05-18:70546.67|2025-06-15:70546.67|2025-07-13:70546.67."
request_120,0,not_affordable,not_recommended,none,,none,"Requested 7714000 IDR on 2026-04-06: 0 IDR safe to pay today while keeping the minimum balance across the 90-day forecast (status not_affordable, method not_recommended). Full payment earliest safe: not in forecast. Plan: none."
request_121,0,not_affordable,not_recommended,none,,none,"Requested 633.60 USD on 2024-03-03: 0 USD safe to pay today while keeping the minimum balance across the 90-day forecast (status not_affordable, method not_recommended). Full payment earliest safe: not in forecast. Plan: none."
request_122,20558000,affordable_with_plan,installments,2025-08-05:7126773.33|2025-09-02:7126773.33|2025-09-30:7126773.33,2025-08-05,none,"Requested 20558000 IDR on 2025-08-05: 20558000 IDR safe to pay today while keeping the minimum balance across the 90-day forecast (status affordable_with_plan, method installments). Full payment earliest safe: 2025-08-05. Plan: 2025-08-05:7126773.33|2025-09-02:7126773.33|2025-09-30:7126773.33."
request_123,4076000,affordable_now,full_payment,2026-01-07:4076000,2026-01-07,none,"Requested 4076000 IDR on 2026-01-07: 4076000 IDR safe to pay today while keeping the minimum balance across the 90-day forecast (status affordable_now, method full_payment). Full payment earliest safe: 2026-01-07. Plan: 2026-01-07:4076000."
request_124,816.93,not_affordable,not_recommended,none,,none,"Requested 3104.20 EUR on 2024-06-04: 816.93 EUR safe to pay today while keeping the minimum balance across the 90-day forecast (status not_affordable, method not_recommended). Full payment earliest safe: not in forecast. Plan: none."
request_125,0,not_affordable,not_recommended,none,,none,"Requested 6468 ZAR on 2025-11-06: 0 ZAR safe to pay today while keeping the minimum balance across the 90-day forecast (status not_affordable, method not_recommended). Full payment earliest safe: not in forecast. Plan: none."
request_126,82576.58,not_affordable,not_recommended,none,,none,"Requested 159600 INR on 2026-07-03: 82576.58 INR safe to pay today while keeping the minimum balance across the 90-day forecast (status not_affordable, method not_recommended). Full payment earliest safe: not in forecast. Plan: none."
request_127,17204.74,affordable_later,wait,2024-09-15:23980,2024-09-15,none,"Requested 23980 ZAR on 2024-09-05: 17204.74 ZAR safe to pay today while keeping the minimum balance across the 90-day forecast (status affordable_later, method wait). Full payment earliest safe: 2024-09-15. Plan: 2024-09-15:23980."
request_128,0,not_affordable,not_recommended,none,,none,"Requested 25168 ZAR on 2025-02-07: 0 ZAR safe to pay today while keeping the minimum balance across the 90-day forecast (status not_affordable, method not_recommended). Full payment earliest safe: not in forecast. Plan: none."
request_129,0,not_affordable,not_recommended,none,,none,"Requested 2668.80 USD on 2026-04-04: 0 USD safe to pay today while keeping the minimum balance across the 90-day forecast (status not_affordable, method not_recommended). Full payment earliest safe: not in forecast. Plan: none."
request_130,425.64,affordable_later,wait,2025-02-15:1978.80,2025-02-15,none,"Requested 1978.80 USD on 2024-12-06: 425.64 USD safe to pay today while keeping the minimum balance across the 90-day forecast (status affordable_later, method wait). Full payment earliest safe: 2025-02-15. Plan: 2025-02-15:1978.80."
request_131,728.59,not_affordable,not_recommended,none,,none,"Requested 1855.20 USD on 2025-05-03: 728.59 USD safe to pay today while keeping the minimum balance across the 90-day forecast (status not_affordable, method not_recommended). Full payment earliest safe: not in forecast. Plan: none."
request_132,0,not_affordable,not_recommended,none,,none,"Requested 379.86 USD on 2026-01-05: 0 USD safe to pay today while keeping the minimum balance across the 90-day forecast (status not_affordable, method not_recommended). Full payment earliest safe: not in forecast. Plan: none."
request_133,8140579.15,not_affordable,not_recommended,none,,none,"Requested 15770000 IDR on 2024-03-07: 8140579.15 IDR safe to pay today while keeping the minimum balance across the 90-day forecast (status not_affordable, method not_recommended). Full payment earliest safe: not in forecast. Plan: none."
request_134,0,not_affordable,not_recommended,none,,none,"Requested 21831000 IDR on 2025-08-04: 0 IDR safe to pay today while keeping the minimum balance across the 90-day forecast (status not_affordable, method not_recommended). Full payment earliest safe: not in forecast. Plan: none."
request_135,304.49,affordable_with_plan,full_payment,2026-07-06:304.80,2026-07-15,reduce_to:event_12449:17.50,"Requested 304.80 USD on 2026-07-06: 304.49 USD safe to pay today while keeping the minimum balance across the 90-day forecast (status affordable_with_plan, method full_payment). Full payment earliest safe: 2026-07-15. Plan: 2026-07-06:304.80. Requires spending changes: reduce_to:event_12449:17.50."
request_136,121.76,not_affordable,not_recommended,none,,none,"Requested 560.40 USD on 2024-06-03: 121.76 USD safe to pay today while keeping the minimum balance across the 90-day forecast (status not_affordable, method not_recommended). Full payment earliest safe: not in forecast. Plan: none."
request_137,0,not_affordable,not_recommended,none,,none,"Requested 80100 INR on 2025-11-05: 0 INR safe to pay today while keeping the minimum balance across the 90-day forecast (status not_affordable, method not_recommended). Full payment earliest safe: not in forecast. Plan: none."
request_138,0,not_affordable,not_recommended,none,,none,"Requested 1256.94 EUR on 2026-04-07: 0 EUR safe to pay today while keeping the minimum balance across the 90-day forecast (status not_affordable, method not_recommended). Full payment earliest safe: not in forecast. Plan: none."
request_139,884.48,not_affordable,not_recommended,none,,none,"Requested 2316 USD on 2024-09-04: 884.48 USD safe to pay today while keeping the minimum balance across the 90-day forecast (status not_affordable, method not_recommended). Full payment earliest safe: not in forecast. Plan: none."
request_140,0,not_affordable,not_recommended,none,,none,"Requested 62832 ZAR on 2025-02-06: 0 ZAR safe to pay today while keeping the minimum balance across the 90-day forecast (status not_affordable, method not_recommended). Full payment earliest safe: not in forecast. Plan: none."
request_141,0,not_affordable,not_recommended,none,,none,"Requested 171600 INR on 2026-01-03: 0 INR safe to pay today while keeping the minimum balance across the 90-day forecast (status not_affordable, method not_recommended). Full payment earliest safe: not in forecast. Plan: none."
request_142,1263.60,affordable_now,full_payment,2024-12-05:1263.60,2024-12-05,none,"Requested 1263.60 USD on 2024-12-05: 1263.60 USD safe to pay today while keeping the minimum balance across the 90-day forecast (status affordable_now, method full_payment). Full payment earliest safe: 2024-12-05. Plan: 2024-12-05:1263.60."
request_143,0,not_affordable,not_recommended,none,,none,"Requested 12584 ZAR on 2025-05-07: 0 ZAR safe to pay today while keeping the minimum balance across the 90-day forecast (status not_affordable, method not_recommended). Full payment earliest safe: not in forecast. Plan: none."
request_144,0,not_affordable,not_recommended,none,,none,"Requested 233.34 USD on 2026-07-04: 0 USD safe to pay today while keeping the minimum balance across the 90-day forecast (status not_affordable, method not_recommended). Full payment earliest safe: not in forecast. Plan: none."
request_145,0,not_affordable,not_recommended,none,,none,"Requested 217400 INR on 2024-03-06: 0 INR safe to pay today while keeping the minimum balance across the 90-day forecast (status not_affordable, method not_recommended). Full payment earliest safe: not in forecast. Plan: none."
request_146,27322.22,not_affordable,not_recommended,none,,none,"Requested 449400 INR on 2025-08-03: 27322.22 INR safe to pay today while keeping the minimum balance across the 90-day forecast (status not_affordable, method not_recommended). Full payment earliest safe: not in forecast. Plan: none."
request_147,434.68,affordable_with_plan,installments,2026-04-08:391.63|2026-05-08:391.63|2026-06-07:391.63,2026-04-15,none,"Requested 1129.70 EUR on 2026-04-05: 434.68 EUR safe to pay today while keeping the minimum balance across the 90-day forecast (status affordable_with_plan, method installments). Full payment earliest safe: 2026-04-15. Plan: 2026-04-08:391.63|2026-05-08:391.63|2026-06-07:391.63."
request_148,0,not_affordable,not_recommended,none,,none,"Requested 22242 ZAR on 2024-06-07: 0 ZAR safe to pay today while keeping the minimum balance across the 90-day forecast (status not_affordable, method not_recommended). Full payment earliest safe: not in forecast. Plan: none."
request_149,0,not_affordable,not_recommended,none,,none,"Requested 36652 ZAR on 2025-11-04: 0 ZAR safe to pay today while keeping the minimum balance across the 90-day forecast (status not_affordable, method not_recommended). Full payment earliest safe: not in forecast. Plan: none."
request_150,0,not_affordable,not_recommended,none,,none,"Requested 496.10 EUR on 2026-01-06: 0 EUR safe to pay today while keeping the minimum balance across the 90-day forecast (status not_affordable, method not_recommended). Full payment earliest safe: not in forecast. Plan: none."
request_151,26999000,affordable_now,full_payment,2024-09-03:26999000,2024-09-03,none,"Requested 26999000 IDR on 2024-09-03: 26999000 IDR safe to pay today while keeping the minimum balance across the 90-day forecast (status affordable_now, method full_payment). Full payment earliest safe: 2024-09-03. Plan: 2024-09-03:26999000."
request_152,0,not_affordable,not_recommended,none,,none,"Requested 13882 ZAR on 2025-02-05: 0 ZAR safe to pay today while keeping the minimum balance across the 90-day forecast (status not_affordable, method not_recommended). Full payment earliest safe: not in forecast. Plan: none."
request_153,0,not_affordable,not_recommended,none,,none,"Requested 2830.80 USD on 2026-07-07: 0 USD safe to pay today while keeping the minimum balance across the 90-day forecast (status not_affordable, method not_recommended). Full payment earliest safe: not in forecast. Plan: none."
request_154,1625.80,affordable_with_plan,installments,2024-12-04:563.61|2025-01-04:563.61|2025-02-04:563.61,2024-12-04,none,"Requested 1625.80 EUR on 2024-12-04: 1625.80 EUR safe to pay today while keeping the minimum balance across the 90-day forecast (status affordable_with_plan, method installments). Full payment earliest safe: 2024-12-04. Plan: 2024-12-04:563.61|2025-01-04:563.61|2025-02-04:563.61."
request_155,112500,affordable_now,full_payment,2025-05-06:112500,2025-05-06,none,"Requested 112500 INR on 2025-05-06: 112500 INR safe to pay today while keeping the minimum balance across the 90-day forecast (status affordable_now, method full_payment). Full payment earliest safe: 2025-05-06. Plan: 2025-05-06:112500."
request_156,0,not_affordable,not_recommended,none,,none,"Requested 43076 ZAR on 2026-04-03: 0 ZAR safe to pay today while keeping the minimum balance across the 90-day forecast (status not_affordable, method not_recommended). Full payment earliest safe: not in forecast. Plan: none."
request_157,4799563.10,affordable_later,wait,2024-05-15:23503000,2024-05-15,none,"Requested 23503000 IDR on 2024-03-05: 4799563.10 IDR safe to pay today while keeping the minimum balance across the 90-day forecast (status affordable_later, method wait). Full payment earliest safe: 2024-05-15. Plan: 2024-05-15:23503000."
request_158,242600,affordable_with_plan,installments,2025-08-07:84101.33|2025-09-04:84101.33|2025-10-02:84101.33,2025-08-07,none,"Requested 242600 INR on 2025-08-07: 242600 INR safe to pay today while keeping the minimum balance across the 90-day forecast (status affordable_with_plan, method installments). Full payment earliest safe: 2025-08-07. Plan: 2025-08-07:84101.33|2025-09-04:84101.33|2025-10-02:84101.33."
request_159,4816.22,not_affordable,not_recommended,none,,none,"Requested 13398 ZAR on 2026-01-04: 4816.22 ZAR safe to pay today while keeping the minimum balance across the 90-day forecast (status not_affordable, method not_recommended). Full payment earliest safe: not in forecast. Plan: none."
request_160,291.25,not_affordable,not_recommended,none,,none,"Requested 1246.30 EUR on 2024-06-06: 291.25 EUR safe to pay today while keeping the minimum balance across the 90-day forecast (status not_affordable, method not_recommended). Full payment earliest safe: not in forecast. Plan: none."
request_161,0,not_affordable,not_recommended,none,,none,"Requested 21204000 IDR on 2025-11-03: 0 IDR safe to pay today while keeping the minimum balance across the 90-day forecast (status not_affordable, method not_recommended). Full payment earliest safe: not in forecast. Plan: none."
request_162,3237072.43,not_affordable,not_recommended,none,,none,"Requested 83923000 IDR on 2026-07-05: 3237072.43 IDR safe to pay today while keeping the minimum balance across the 90-day forecast (status not_affordable, method not_recommended). Full payment earliest safe: not in forecast. Plan: none."
request_163,0,not_affordable,not_recommended,none,,none,"Requested 19304000 IDR on 2024-09-07: 0 IDR safe to pay today while keeping the minimum balance across the 90-day forecast (status not_affordable, method not_recommended). Full payment earliest safe: not in forecast. Plan: none."
request_164,27018000,affordable_with_plan,installments,2025-02-11:9366240|2025-03-11:9366240|2025-04-08:9366240,2025-02-04,none,"Requested 27018000 IDR on 2025-02-04: 27018000 IDR safe to pay today while keeping the minimum balance across the 90-day forecast (status affordable_with_plan, method installments). Full payment earliest safe: 2025-02-04. Plan: 2025-02-11:9366240|2025-03-11:9366240|2025-04-08:9366240."
request_165,80600,affordable_now,full_payment,2026-04-06:80600,2026-04-06,none,"Requested 80600 INR on 2026-04-06: 80600 INR safe to pay today while keeping the minimum balance across the 90-day forecast (status affordable_now, method full_payment). Full payment earliest safe: 2026-04-06. Plan: 2026-04-06:80600."
request_166,2907.60,affordable_with_plan,installments,2024-12-03:1007.97|2025-01-03:1007.97|2025-02-03:1007.97,2024-12-03,none,"Requested 2907.60 USD on 2024-12-03: 2907.60 USD safe to pay today while keeping the minimum balance across the 90-day forecast (status affordable_with_plan, method installments). Full payment earliest safe: 2024-12-03. Plan: 2024-12-03:1007.97|2025-01-03:1007.97|2025-02-03:1007.97."
request_167,0,not_affordable,not_recommended,none,,none,"Requested 43802 ZAR on 2025-05-05: 0 ZAR safe to pay today while keeping the minimum balance across the 90-day forecast (status not_affordable, method not_recommended). Full payment earliest safe: not in forecast. Plan: none."
request_168,0,not_affordable,not_recommended,none,,none,"Requested 49380 INR on 2026-01-07: 0 INR safe to pay today while keeping the minimum balance across the 90-day forecast (status not_affordable, method not_recommended). Full payment earliest safe: not in forecast. Plan: none."
request_169,0,not_affordable,not_recommended,none,,none,"Requested 41976 ZAR on 2024-03-04: 0 ZAR safe to pay today while keeping the minimum balance across the 90-day forecast (status not_affordable, method not_recommended). Full payment earliest safe: not in forecast. Plan: none."
request_170,0,not_affordable,not_recommended,none,,none,"Requested 36936000 IDR on 2025-08-06: 0 IDR safe to pay today while keeping the minimum balance across the 90-day forecast (status not_affordable, method not_recommended). Full payment earliest safe: not in forecast. Plan: none."
request_171,0,not_affordable,not_recommended,none,,none,"Requested 1878.80 EUR on 2026-07-03: 0 EUR safe to pay today while keeping the minimum balance across the 90-day forecast (status not_affordable, method not_recommended). Full payment earliest safe: not in forecast. Plan: none."
request_172,0,not_affordable,not_recommended,none,,none,"Requested 10200 ZAR on 2024-06-05: 0 ZAR safe to pay today while keeping the minimum balance across the 90-day forecast (status not_affordable, method not_recommended). Full payment earliest safe: not in forecast. Plan: none."
request_173,0,not_affordable,not_recommended,none,,none,"Requested 113000 INR on 2025-11-07: 0 INR safe to pay today while keeping the minimum balance across the 90-day forecast (status not_affordable, method not_recommended). Full payment earliest safe: not in forecast. Plan: none."
request_174,1146.20,affordable_with_plan,installments,2026-04-04:397.35|2026-05-04:397.35|2026-06-03:397.35,2026-04-04,none,"Requested 1146.20 EUR on 2026-04-04: 1146.20 EUR safe to pay today while keeping the minimum balance across the 90-day forecast (status affordable_with_plan, method installments). Full payment earliest safe: 2026-04-04. Plan: 2026-04-04:397.35|2026-05-04:397.35|2026-06-03:397.35."
request_175,2346.30,affordable_now,full_payment,2024-09-06:2346.30,2024-09-06,none,"Requested 2346.30 EUR on 2024-09-06: 2346.30 EUR safe to pay today while keeping the minimum balance across the 90-day forecast (status affordable_now, method full_payment). Full payment earliest safe: 2024-09-06. Plan: 2024-09-06:2346.30."
request_176,0,not_affordable,not_recommended,none,,none,"Requested 1239.70 EUR on 2025-02-03: 0 EUR safe to pay today while keeping the minimum balance across the 90-day forecast (status not_affordable, method not_recommended). Full payment earliest safe: not in forecast. Plan: none."
request_177,0,not_affordable,not_recommended,none,,none,"Requested 1017.60 USD on 2026-01-05: 0 USD safe to pay today while keeping the minimum balance across the 90-day forecast (status not_affordable, method not_recommended). Full payment earliest safe: not in forecast. Plan: none."
request_178,2938.10,affordable_with_plan,installments,2024-12-07:1018.54|2025-01-07:1018.54|2025-02-07:1018.54,2024-12-07,none,"Requested 2938.10 EUR on 2024-12-07: 2938.10 EUR safe to pay today while keeping the minimum balance across the 90-day forecast (status affordable_with_plan, method installments). Full payment earliest safe: 2024-12-07. Plan: 2024-12-07:1018.54|2025-01-07:1018.54|2025-02-07:1018.54."
request_179,0,not_affordable,not_recommended,none,,none,"Requested 41648000 IDR on 2025-05-04: 0 IDR safe to pay today while keeping the minimum balance across the 90-day forecast (status not_affordable, method not_recommended). Full payment earliest safe: not in forecast. Plan: none."
request_180,28738.96,not_affordable,not_recommended,none,,none,"Requested 66500 INR on 2026-07-06: 28738.96 INR safe to pay today while keeping the minimum balance across the 90-day forecast (status not_affordable, method not_recommended). Full payment earliest safe: not in forecast. Plan: none."
request_181,0,not_affordable,not_recommended,none,,none,"Requested 5059.20 USD on 2024-03-03: 0 USD safe to pay today while keeping the minimum balance across the 90-day forecast (status not_affordable, method not_recommended). Full payment earliest safe: not in forecast. Plan: none."
request_182,26793.99,not_affordable,not_recommended,none,,none,"Requested 65714 ZAR on 2025-08-05: 26793.99 ZAR safe to pay today while keeping the minimum balance across the 90-day forecast (status not_affordable, method not_recommended). Full payment earliest safe: not in forecast. Plan: none."
request_183,0,not_affordable,not_recommended,none,,none,"Requested 26866000 IDR on 2026-04-07: 0 IDR safe to pay today while keeping the minimum balance across the 90-day forecast (status not_affordable, method not_recommended). Full payment earliest safe: not in forecast. Plan: none."
request_184,0,not_affordable,not_recommended,none,,none,"Requested 251900 INR on 2024-06-04: 0 INR safe to pay today while keeping the minimum balance across the 90-day forecast (status not_affordable, method not_recommended). Full payment earliest safe: not in forecast. Plan: none."
request_185,0,not_affordable,not_recommended,none,,none,"Requested 1257.30 EUR on 2025-11-06: 0 EUR safe to pay today while keeping the minimum balance across the 90-day forecast (status not_affordable, method not_recommended). Full payment earliest safe: not in forecast. Plan: none."
request_186,0,not_affordable,not_recommended,none,,none,"Requested 26554 ZAR on 2026-01-03: 0 ZAR safe to pay today while keeping the minimum balance across the 90-day forecast (status not_affordable, method not_recommended). Full payment earliest safe: not in forecast. Plan: none."
request_187,50916.66,not_affordable,not_recommended,none,,none,"Requested 187500 INR on 2024-09-05: 50916.66 INR safe to pay today while keeping the minimum balance across the 90-day forecast (status not_affordable, method not_recommended). Full payment earliest safe: not in forecast. Plan: none."
request_188,0,not_affordable,not_recommended,none,,none,"Requested 2464 EUR on 2025-02-07: 0 EUR safe to pay today while keeping the minimum balance across the 90-day forecast (status not_affordable, method not_recommended). Full payment earliest safe: not in forecast. Plan: none."
request_189,488.40,affordable_now,full_payment,2026-07-04:488.40,2026-07-04,none,"Requested 488.40 EUR on 2026-07-04: 488.40 EUR safe to pay today while keeping the minimum balance across the 90-day forecast (status affordable_now, method full_payment). Full payment earliest safe: 2026-07-04. Plan: 2026-07-04:488.40."
request_190,0,not_affordable,not_recommended,none,,none,"Requested 2557.50 EUR on 2024-12-06: 0 EUR safe to pay today while keeping the minimum balance across the 90-day forecast (status not_affordable, method not_recommended). Full payment earliest safe: not in forecast. Plan: none."
request_191,183.24,not_affordable,not_recommended,none,,none,"Requested 664.40 EUR on 2025-05-03: 183.24 EUR safe to pay today while keeping the minimum balance across the 90-day forecast (status not_affordable, method not_recommended). Full payment earliest safe: not in forecast. Plan: none."
request_192,0,not_affordable,not_recommended,none,,none,"Requested 2046 USD on 2026-04-05: 0 USD safe to pay today while keeping the minimum balance across the 90-day forecast (status not_affordable, method not_recommended). Full payment earliest safe: not in forecast. Plan: none."
request_193,0,affordable_with_plan,installments,2024-03-21:420.23|2024-04-21:420.23|2024-05-22:420.23,,reduce_to:event_17827:34.50|reduce_to:event_17835:34.50,"Requested 1212.20 EUR on 2024-03-07: 0 EUR safe to pay today while keeping the minimum balance across the 90-day forecast (status affordable_with_plan, method installments). Full payment earliest safe: not in forecast. Plan: 2024-03-21:420.23|2024-04-21:420.23|2024-05-22:420.23. Requires spending changes: reduce_to:event_17827:34.50|reduce_to:event_17835:34.50."
request_194,0,not_affordable,not_recommended,none,,none,"Requested 132800 INR on 2025-08-04: 0 INR safe to pay today while keeping the minimum balance across the 90-day forecast (status not_affordable, method not_recommended). Full payment earliest safe: not in forecast. Plan: none."
request_195,113.80,not_affordable,not_recommended,none,,none,"Requested 1170.40 EUR on 2026-01-06: 113.80 EUR safe to pay today while keeping the minimum balance across the 90-day forecast (status not_affordable, method not_recommended). Full payment earliest safe: not in forecast. Plan: none."
request_196,762.30,affordable_now,full_payment,2024-06-03:762.30,2024-06-03,none,"Requested 762.30 EUR on 2024-06-03: 762.30 EUR safe to pay today while keeping the minimum balance across the 90-day forecast (status affordable_now, method full_payment). Full payment earliest safe: 2024-06-03. Plan: 2024-06-03:762.30."
request_197,0,not_affordable,not_recommended,none,,none,"Requested 50939000 IDR on 2025-11-05: 0 IDR safe to pay today while keeping the minimum balance across the 90-day forecast (status not_affordable, method not_recommended). Full payment earliest safe: not in forecast. Plan: none."
request_198,52168.10,not_affordable,not_recommended,none,,none,"Requested 185800 INR on 2026-07-07: 52168.10 INR safe to pay today while keeping the minimum balance across the 90-day forecast (status not_affordable, method not_recommended). Full payment earliest safe: not in forecast. Plan: none."
request_199,23674000,affordable_with_plan,installments,2024-09-07:8206986.67|2024-10-08:8206986.67|2024-11-08:8206986.67,2024-09-04,none,"Requested 23674000 IDR on 2024-09-04: 23674000 IDR safe to pay today while keeping the minimum balance across the 90-day forecast (status affordable_with_plan, method installments). Full payment earliest safe: 2024-09-04. Plan: 2024-09-07:8206986.67|2024-10-08:8206986.67|2024-11-08:8206986.67."
request_200,2555559.51,not_affordable,not_recommended,none,,none,"Requested 21717000 IDR on 2025-02-06: 2555559.51 IDR safe to pay today while keeping the minimum balance across the 90-day forecast (status not_affordable, method not_recommended). Full payment earliest safe: not in forecast. Plan: none."
request_201,23997000,affordable_now,full_payment,2026-04-03:23997000,2026-04-03,none,"Requested 23997000 IDR on 2026-04-03: 23997000 IDR safe to pay today while keeping the minimum balance across the 90-day forecast (status affordable_now, method full_payment). Full payment earliest safe: 2026-04-03. Plan: 2026-04-03:23997000."
request_202,0,not_affordable,not_recommended,none,,none,"Requested 123900 INR on 2024-12-05: 0 INR safe to pay today while keeping the minimum balance across the 90-day forecast (status not_affordable, method not_recommended). Full payment earliest safe: not in forecast. Plan: none."
request_203,1028.71,affordable_with_plan,installments,2025-05-10:499.93|2025-06-07:499.93|2025-07-05:499.93,,stop:event_18662|reduce_to:event_18663:35,"Requested 1442.10 EUR on 2025-05-07: 1028.71 EUR safe to pay today while keeping the minimum balance across the 90-day forecast (status affordable_with_plan, method installments). Full payment earliest safe: not in forecast. Plan: 2025-05-10:499.93|2025-06-07:499.93|2025-07-05:499.93. Requires spending changes: stop:event_18662|reduce_to:event_18663:35."
request_204,0,not_affordable,not_recommended,none,,none,"Requested 588.74 EUR on 2026-01-04: 0 EUR safe to pay today while keeping the minimum balance across the 90-day forecast (status not_affordable, method not_recommended). Full payment earliest safe: not in forecast. Plan: none."
request_205,0,not_affordable,not_recommended,none,,none,"Requested 10621000 IDR on 2024-03-06: 0 IDR safe to pay today while keeping the minimum balance across the 90-day forecast (status not_affordable, method not_recommended). Full payment earliest safe: not in forecast. Plan: none."
request_206,1404.70,affordable_with_plan,installments,2025-08-03:486.96|2025-08-31:486.96|2025-09-28:486.96,2025-08-03,none,"Requested 1404.70 EUR on 2025-08-03: 1404.70 EUR safe to pay today while keeping the minimum balance across the 90-day forecast (status affordable_with_plan, method installments). Full payment earliest safe: 2025-08-03. Plan: 2025-08-03:486.96|2025-08-31:486.96|2025-09-28:486.96."
request_207,5113.50,not_affordable,not_recommended,none,,none,"Requested 11830 ZAR on 2026-07-05: 5113.50 ZAR safe to pay today while keeping the minimum balance across the 90-day forecast (status not_affordable, method not_recommended). Full payment earliest safe: not in forecast. Plan: none."
request_208,0,not_affordable,not_recommended,none,,none,"Requested 4413000 IDR on 2024-06-07: 0 IDR safe to pay today while keeping the minimum balance across the 90-day forecast (status not_affordable, method not_recommended). Full payment earliest safe: not in forecast. Plan: none."
request_209,2456.19,not_affordable,not_recommended,none,,none,"Requested 56914 ZAR on 2025-11-04: 2456.19 ZAR safe to pay today while keeping the minimum balance across the 90-day forecast (status not_affordable, method not_recommended). Full payment earliest safe: not in forecast. Plan: none."
request_210,0,not_affordable,not_recommended,none,,none,"Requested 1360.02 USD on 2026-04-06: 0 USD safe to pay today while keeping the minimum balance across the 90-day forecast (status not_affordable, method not_recommended). Full payment earliest safe: not in forecast. Plan: none."
request_211,0,not_affordable,not_recommended,none,,none,"Requested 1788.60 EUR on 2024-09-03: 0 EUR safe to pay today while keeping the minimum balance across the 90-day forecast (status not_affordable, method not_recommended). Full payment earliest safe: not in forecast. Plan: none."
request_212,0,not_affordable,not_recommended,none,,none,"Requested 71934000 IDR on 2025-02-05: 0 IDR safe to pay today while keeping the minimum balance across the 90-day forecast (status not_affordable, method not_recommended). Full payment earliest safe: not in forecast. Plan: none."
request_213,3362.40,affordable_with_plan,installments,2026-01-21:1165.63|2026-02-20:1165.63|2026-03-22:1165.63,2026-01-07,none,"Requested 3362.40 USD on 2026-01-07: 3362.40 USD safe to pay today while keeping the minimum balance across the 90-day forecast (status affordable_with_plan, method installments). Full payment earliest safe: 2026-01-07. Plan: 2026-01-21:1165.63|2026-02-20:1165.63|2026-03-22:1165.63."
request_214,0,not_affordable,not_recommended,none,,none,"Requested 69750 INR on 2024-12-04: 0 INR safe to pay today while keeping the minimum balance across the 90-day forecast (status not_affordable, method not_recommended). Full payment earliest safe: not in forecast. Plan: none."
request_215,29986,affordable_with_plan,installments,2025-05-09:10395.15|2025-06-06:10395.15|2025-07-04:10395.15,2025-05-06,none,"Requested 29986 ZAR on 2025-05-06: 29986 ZAR safe to pay today while keeping the minimum balance across the 90-day forecast (status affordable_with_plan, method installments). Full payment earliest safe: 2025-05-06. Plan: 2025-05-09:10395.15|2025-06-06:10395.15|2025-07-04:10395.15."
request_216,536.79,affordable_later,wait,2026-08-15:3332.40,2026-08-15,none,"Requested 3332.40 USD on 2026-07-03: 536.79 USD safe to pay today while keeping the minimum balance across the 90-day forecast (status affordable_later, method wait). Full payment earliest safe: 2026-08-15. Plan: 2026-08-15:3332.40."
request_217,0,not_affordable,not_recommended,none,,none,"Requested 37180 ZAR on 2024-03-05: 0 ZAR safe to pay today while keeping the minimum balance across the 90-day forecast (status not_affordable, method not_recommended). Full payment earliest safe: not in forecast. Plan: none."
request_218,27641181.80,not_affordable,not_recommended,none,,none,"Requested 61142000 IDR on 2025-08-07: 27641181.80 IDR safe to pay today while keeping the minimum balance across the 90-day forecast (status not_affordable, method not_recommended). Full payment earliest safe: not in forecast. Plan: none."
request_219,743.61,affordable_with_plan,installments,2026-04-07:580.01|2026-05-07:580.01|2026-06-06:580.01,2026-04-15,none,"Requested 1673.10 EUR on 2026-04-04: 743.61 EUR safe to pay today while keeping the minimum balance across the 90-day forecast (status affordable_with_plan, method installments). Full payment earliest safe: 2026-04-15. Plan: 2026-04-07:580.01|2026-05-07:580.01|2026-06-06:580.01."
request_220,41.27,not_affordable,not_recommended,none,,none,"Requested 3118.50 EUR on 2024-06-06: 41.27 EUR safe to pay today while keeping the minimum balance across the 90-day forecast (status not_affordable, method not_recommended). Full payment earliest safe: not in forecast. Plan: none."
request_221,0,not_affordable,not_recommended,none,,none,"Requested 109800 INR on 2025-11-03: 0 INR safe to pay today while keeping the minimum balance across the 90-day forecast (status not_affordable, method not_recommended). Full payment earliest safe: not in forecast. Plan: none."
request_222,34078,affordable_now,full_payment,2026-01-05:34078,2026-01-05,none,"Requested 34078 ZAR on 2026-01-05: 34078 ZAR safe to pay today while keeping the minimum balance across the 90-day forecast (status affordable_now, method full_payment). Full payment earliest safe: 2026-01-05. Plan: 2026-01-05:34078."
request_223,898.70,affordable_now,full_payment,2024-09-07:898.70,2024-09-07,none,"Requested 898.70 EUR on 2024-09-07: 898.70 EUR safe to pay today while keeping the minimum balance across the 90-day forecast (status affordable_now, method full_payment). Full payment earliest safe: 2024-09-07. Plan: 2024-09-07:898.70."
request_224,0,not_affordable,not_recommended,none,,none,"Requested 10327000 IDR on 2025-02-04: 0 IDR safe to pay today while keeping the minimum balance across the 90-day forecast (status not_affordable, method not_recommended). Full payment earliest safe: not in forecast. Plan: none."
request_225,0,not_affordable,not_recommended,none,,none,"Requested 22059000 IDR on 2026-07-06: 0 IDR safe to pay today while keeping the minimum balance across the 90-day forecast (status not_affordable, method not_recommended). Full payment earliest safe: not in forecast. Plan: none."
request_226,15042.81,not_affordable,not_recommended,none,,none,"Requested 157000 INR on 2024-12-03: 15042.81 INR safe to pay today while keeping the minimum balance across the 90-day forecast (status not_affordable, method not_recommended). Full payment earliest safe: not in forecast. Plan: none."
request_227,0,not_affordable,not_recommended,none,,none,"Requested 259700 INR on 2025-05-05: 0 INR safe to pay today while keeping the minimum balance across the 90-day forecast (status not_affordable, method not_recommended). Full payment earliest safe: not in forecast. Plan: none."
request_228,0,not_affordable,not_recommended,none,,none,"Requested 63327000 IDR on 2026-04-07: 0 IDR safe to pay today while keeping the minimum balance across the 90-day forecast (status not_affordable, method not_recommended). Full payment earliest safe: not in forecast. Plan: none."
request_229,0,not_affordable,not_recommended,none,,none,"Requested 1526.80 EUR on 2024-03-04: 0 EUR safe to pay today while keeping the minimum balance across the 90-day forecast (status not_affordable, method not_recommended). Full payment earliest safe: not in forecast. Plan: none."
request_230,3537.60,affordable_now,full_payment,2025-08-06:3537.60,2025-08-06,none,"Requested 3537.60 EUR on 2025-08-06: 3537.60 EUR safe to pay today while keeping the minimum balance across the 90-day forecast (status affordable_now, method full_payment). Full payment earliest safe: 2025-08-06. Plan: 2025-08-06:3537.60."
request_231,0,not_affordable,not_recommended,none,,none,"Requested 35706 ZAR on 2026-01-03: 0 ZAR safe to pay today while keeping the minimum balance across the 90-day forecast (status not_affordable, method not_recommended). Full payment earliest safe: not in forecast. Plan: none."
request_232,0,not_affordable,not_recommended,none,,none,"Requested 1970.10 EUR on 2024-06-05: 0 EUR safe to pay today while keeping the minimum balance across the 90-day forecast (status not_affordable, method not_recommended). Full payment earliest safe: not in forecast. Plan: none."
request_233,0,not_affordable,not_recommended,none,,none,"Requested 6241000 IDR on 2025-11-07: 0 IDR safe to pay today while keeping the minimum balance across the 90-day forecast (status not_affordable, method not_recommended). Full payment earliest safe: not in forecast. Plan: none."
request_234,0,not_affordable,not_recommended,none,,none,"Requested 1213.30 EUR on 2026-07-04: 0 EUR safe to pay today while keeping the minimum balance across the 90-day forecast (status not_affordable, method not_recommended). Full payment earliest safe: not in forecast. Plan: none."
request_235,0,not_affordable,not_recommended,none,,none,"Requested 967.20 USD on 2024-09-06: 0 USD safe to pay today while keeping the minimum balance across the 90-day forecast (status not_affordable, method not_recommended). Full payment earliest safe: not in forecast. Plan: none."
request_236,0,not_affordable,not_recommended,none,,none,"Requested 52383000 IDR on 2025-02-03: 0 IDR safe to pay today while keeping the minimum balance across the 90-day forecast (status not_affordable, method not_recommended). Full payment earliest safe: not in forecast. Plan: none."
request_237,23826000,affordable_now,full_payment,2026-04-05:23826000,2026-04-05,none,"Requested 23826000 IDR on 2026-04-05: 23826000 IDR safe to pay today while keeping the minimum balance across the 90-day forecast (status affordable_now, method full_payment). Full payment earliest safe: 2026-04-05. Plan: 2026-04-05:23826000."
request_238,663.60,affordable_with_plan,installments,2024-12-07:230.05|2025-01-07:230.05|2025-02-07:230.05,2024-12-07,none,"Requested 663.60 USD on 2024-12-07: 663.60 USD safe to pay today while keeping the minimum balance across the 90-day forecast (status affordable_with_plan, method installments). Full payment earliest safe: 2024-12-07. Plan: 2024-12-07:230.05|2025-01-07:230.05|2025-02-07:230.05."
request_239,130.21,not_affordable,not_recommended,none,,none,"Requested 642 USD on 2025-05-04: 130.21 USD safe to pay today while keeping the minimum balance across the 90-day forecast (status not_affordable, method not_recommended). Full payment earliest safe: not in forecast. Plan: none."
request_240,0,not_affordable,not_recommended,none,,none,"Requested 101200 INR on 2026-01-06: 0 INR safe to pay today while keeping the minimum balance across the 90-day forecast (status not_affordable, method not_recommended). Full payment earliest safe: not in forecast. Plan: none."
request_241,21052000,affordable_with_plan,installments,2024-03-17:7298026.67|2024-04-17:7298026.67|2024-05-18:7298026.67,2024-03-03,none,"Requested 21052000 IDR on 2024-03-03: 21052000 IDR safe to pay today while keeping the minimum balance across the 90-day forecast (status affordable_with_plan, method installments). Full payment earliest safe: 2024-03-03. Plan: 2024-03-17:7298026.67|2024-04-17:7298026.67|2024-05-18:7298026.67."
request_242,0,not_affordable,not_recommended,none,,none,"Requested 1966.80 EUR on 2025-08-05: 0 EUR safe to pay today while keeping the minimum balance across the 90-day forecast (status not_affordable, method not_recommended). Full payment earliest safe: not in forecast. Plan: none."
request_243,17468,affordable_now,full_payment,2026-07-07:17468,2026-07-07,none,"Requested 17468 ZAR on 2026-07-07: 17468 ZAR safe to pay today while keeping the minimum balance across the 90-day forecast (status affordable_now, method full_payment). Full payment earliest safe: 2026-07-07. Plan: 2026-07-07:17468."
request_244,0,not_affordable,not_recommended,none,,none,"Requested 49918 ZAR on 2024-06-04: 0 ZAR safe to pay today while keeping the minimum balance across the 90-day forecast (status not_affordable, method not_recommended). Full payment earliest safe: not in forecast. Plan: none."
request_245,0,not_affordable,not_recommended,none,,none,"Requested 128500 INR on 2025-11-06: 0 INR safe to pay today while keeping the minimum balance across the 90-day forecast (status not_affordable, method not_recommended). Full payment earliest safe: not in forecast. Plan: none."
request_246,64086,affordable_with_plan,installments,2026-04-03:22216.48|2026-05-03:22216.48|2026-06-02:22216.48,2026-04-03,none,"Requested 64086 ZAR on 2026-04-03: 64086 ZAR safe to pay today while keeping the minimum balance across the 90-day forecast (status affordable_with_plan, method installments). Full payment earliest safe: 2026-04-03. Plan: 2026-04-03:22216.48|2026-05-03:22216.48|2026-06-02:22216.48."
request_247,1059.30,affordable_now,full_payment,2024-09-05:1059.30,2024-09-05,none,"Requested 1059.30 EUR on 2024-09-05: 1059.30 EUR safe to pay today while keeping the minimum balance across the 90-day forecast (status affordable_now, method full_payment). Full payment earliest safe: 2024-09-05. Plan: 2024-09-05:1059.30."
request_248,193.47,not_affordable,not_recommended,none,,none,"Requested 1965.60 USD on 2025-02-07: 193.47 USD safe to pay today while keeping the minimum balance across the 90-day forecast (status not_affordable, method not_recommended). Full payment earliest safe: not in forecast. Plan: none."
request_249,0,not_affordable,not_recommended,none,,none,"Requested 643.20 USD on 2026-01-04: 0 USD safe to pay today while keeping the minimum balance across the 90-day forecast (status not_affordable, method not_recommended). Full payment earliest safe: not in forecast. Plan: none."
request_250,19019.89,not_affordable,not_recommended,none,,none,"Requested 124278 ZAR on 2024-12-06: 19019.89 ZAR safe to pay today while keeping the minimum balance across the 90-day forecast (status not_affordable, method not_recommended). Full payment earliest safe: not in forecast. Plan: none."
request_251,442.17,not_affordable,not_recommended,none,,none,"Requested 1513.60 EUR on 2025-05-03: 442.17 EUR safe to pay today while keeping the minimum balance across the 90-day forecast (status not_affordable, method not_recommended). Full payment earliest safe: not in forecast. Plan: none."
request_252,0,not_affordable,not_recommended,none,,none,"Requested 28082000 IDR on 2026-07-05: 0 IDR safe to pay today while keeping the minimum balance across the 90-day forecast (status not_affordable, method not_recommended). Full payment earliest safe: not in forecast. Plan: none."
request_253,0,not_affordable,not_recommended,none,,none,"Requested 2840.20 EUR on 2024-03-07: 0 EUR safe to pay today while keeping the minimum balance across the 90-day forecast (status not_affordable, method not_recommended). Full payment earliest safe: not in forecast. Plan: none."
request_254,0,not_affordable,not_recommended,none,,none,"Requested 3535.20 USD on 2025-08-04: 0 USD safe to pay today while keeping the minimum balance across the 90-day forecast (status not_affordable, method not_recommended). Full payment earliest safe: not in forecast. Plan: none."
request_255,3345000,affordable_now,full_payment,2026-04-06:3345000,2026-04-06,none,"Requested 3345000 IDR on 2026-04-06: 3345000 IDR safe to pay today while keeping the minimum balance across the 90-day forecast (status affordable_now, method full_payment). Full payment earliest safe: 2026-04-06. Plan: 2026-04-06:3345000."
request_256,36666.36,not_affordable,not_recommended,none,,none,"Requested 218700 INR on 2024-06-03: 36666.36 INR safe to pay today while keeping the minimum balance across the 90-day forecast (status not_affordable, method not_recommended). Full payment earliest safe: not in forecast. Plan: none."
request_257,0,not_affordable,not_recommended,none,,none,"Requested 1352.40 USD on 2025-11-05: 0 USD safe to pay today while keeping the minimum balance across the 90-day forecast (status not_affordable, method not_recommended). Full payment earliest safe: not in forecast. Plan: none."
request_258,890.98,not_affordable,not_recommended,none,,none,"Requested 1113.60 USD on 2026-01-07: 890.98 USD safe to pay today while keeping the minimum balance across the 90-day forecast (status not_affordable, method not_recommended). Full payment earliest safe: not in forecast. Plan: none."
request_259,0,not_affordable,not_recommended,none,,none,"Requested 935 EUR on 2024-09-04: 0 EUR safe to pay today while keeping the minimum balance across the 90-day forecast (status not_affordable, method not_recommended). Full payment earliest safe: not in forecast. Plan: none."
request_260,0,not_affordable,not_recommended,none,,none,"Requested 52079000 IDR on 2025-02-06: 0 IDR safe to pay today while keeping the minimum balance across the 90-day forecast (status not_affordable, method not_recommended). Full payment earliest safe: not in forecast. Plan: none."
request_261,0,not_affordable,not_recommended,none,,none,"Requested 1830.40 EUR on 2026-07-03: 0 EUR safe to pay today while keeping the minimum balance across the 90-day forecast (status not_affordable, method not_recommended). Full payment earliest safe: not in forecast. Plan: none."
request_262,9236000,affordable_now,full_payment,2024-12-05:9236000,2024-12-05,none,"Requested 9236000 IDR on 2024-12-05: 9236000 IDR safe to pay today while keeping the minimum balance across the 90-day forecast (status affordable_now, method full_payment). Full payment earliest safe: 2024-12-05. Plan: 2024-12-05:9236000."
request_263,0,not_affordable,not_recommended,none,,none,"Requested 51546 ZAR on 2025-05-07: 0 ZAR safe to pay today while keeping the minimum balance across the 90-day forecast (status not_affordable, method not_recommended). Full payment earliest safe: not in forecast. Plan: none."
request_264,0,not_affordable,not_recommended,none,,none,"Requested 111300 INR on 2026-04-04: 0 INR safe to pay today while keeping the minimum balance across the 90-day forecast (status not_affordable, method not_recommended). Full payment earliest safe: not in forecast. Plan: none."
request_265,45970,affordable_now,full_payment,2024-03-06:45970,2024-03-06,none,"Requested 45970 INR on 2024-03-06: 45970 INR safe to pay today while keeping the minimum balance across the 90-day forecast (status affordable_now, method full_payment). Full payment earliest safe: 2024-03-06. Plan: 2024-03-06:45970."
request_266,0,not_affordable,not_recommended,none,,none,"Requested 935 EUR on 2025-08-03: 0 EUR safe to pay today while keeping the minimum balance across the 90-day forecast (status not_affordable, method not_recommended). Full payment earliest safe: not in forecast. Plan: none."
request_267,0,not_affordable,not_recommended,none,,none,"Requested 1925 EUR on 2026-01-05: 0 EUR safe to pay today while keeping the minimum balance across the 90-day forecast (status not_affordable, method not_recommended). Full payment earliest safe: not in forecast. Plan: none."
request_268,0,not_affordable,not_recommended,none,,none,"Requested 2426.60 EUR on 2024-06-07: 0 EUR safe to pay today while keeping the minimum balance across the 90-day forecast (status not_affordable, method not_recommended). Full payment earliest safe: not in forecast. Plan: none."
request_269,0,not_affordable,not_recommended,none,,none,"Requested 15490 ZAR on 2025-11-04: 0 ZAR safe to pay today while keeping the minimum balance across the 90-day forecast (status not_affordable, method not_recommended). Full payment earliest safe: not in forecast. Plan: none."
request_270,0,not_affordable,not_recommended,none,,none,"Requested 3028.80 USD on 2026-07-06: 0 USD safe to pay today while keeping the minimum balance across the 90-day forecast (status not_affordable, method not_recommended). Full payment earliest safe: not in forecast. Plan: none."
request_271,0,not_affordable,not_recommended,none,,none,"Requested 91300 INR on 2024-09-03: 0 INR safe to pay today while keeping the minimum balance across the 90-day forecast (status not_affordable, method not_recommended). Full payment earliest safe: not in forecast. Plan: none."
request_272,0,not_affordable,not_recommended,none,,none,"Requested 13585000 IDR on 2025-02-05: 0 IDR safe to pay today while keeping the minimum balance across the 90-day forecast (status not_affordable, method not_recommended). Full payment earliest safe: not in forecast. Plan: none."
request_273,0,not_affordable,not_recommended,none,,none,"Requested 15861000 IDR on 2026-04-07: 0 IDR safe to pay today while keeping the minimum balance across the 90-day forecast (status not_affordable, method not_recommended). Full payment earliest safe: not in forecast. Plan: none."
request_274,0,not_affordable,not_recommended,none,,none,"Requested 2713.70 EUR on 2024-12-04: 0 EUR safe to pay today while keeping the minimum balance across the 90-day forecast (status not_affordable, method not_recommended). Full payment earliest safe: not in forecast. Plan: none."
request_275,0,not_affordable,not_recommended,none,,none,"Requested 15884000 IDR on 2025-05-06: 0 IDR safe to pay today while keeping the minimum balance across the 90-day forecast (status not_affordable, method not_recommended). Full payment earliest safe: not in forecast. Plan: none."
